cohort_month,cohort_size,months_since_first,active_persons,orders,gmv,retention_rate,gmv_per_cohort_member,is_observable,analysis_start,analysis_end
2018-07-01,6071,0,6071,6131,874728.7500000184,1.0,144.08314116290865,true,2017-01-01,2018-08-31
2018-07-01,6071,1,44,46,3702.87,0.007247570416735299,0.6099275242958326,true,2017-01-01,2018-08-31
2017-12-01,5487,0,5487,5551,727460.2400000138,1.0,132.57886641152066,true,2017-01-01,2018-08-31
2017-12-01,5487,1,14,14,3021.9800000000005,0.0025514853289593585,0.5507526881720431,true,2017-01-01,2018-08-31
2017-12-01,5487,2,15,16,1553.58,0.002733734281027884,0.28313832695462,true,2017-01-01,2018-08-31
2017-12-01,5487,3,19,22,2026.1800000000003,0.0034627300893019866,0.36926918170220524,true,2017-01-01,2018-08-31
2017-12-01,5487,4,15,15,1771.45,0.002733734281027884,0.3228449061417897,true,2017-01-01,2018-08-31
2017-12-01,5487,5,11,11,1801.4400000000003,0.0020047384727537817,0.3283105522143248,true,2017-01-01,2018-08-31
2017-12-01,5487,6,9,9,1112.0500000000002,0.0016402405686167304,0.20266994714780392,true,2017-01-01,2018-08-31
2017-12-01,5487,7,3,3,482.89,0.0005467468562055768,0.08800619646437033,true,2017-01-01,2018-08-31
2017-12-01,5487,8,12,12,1551.73,0.002186987424822307,0.2828011663932932,true,2017-01-01,2018-08-31
2017-07-01,3895,0,3895,3970,489683.3400000062,1.0,125.72101155327502,true,2017-01-01,2018-08-31
2017-07-01,3895,1,20,22,2602.449999999999,0.005134788189987163,0.6681514762516043,true,2017-01-01,2018-08-31
2017-07-01,3895,2,14,14,1568.6499999999999,0.003594351732991014,0.4027342747111681,true,2017-01-01,2018-08-31
2017-07-01,3895,3,10,10,1134.16,0.0025673940949935813,0.29118356867779205,true,2017-01-01,2018-08-31
2017-07-01,3895,4,11,13,912.24,0.0028241335044929395,0.2342079589216945,true,2017-01-01,2018-08-31
2017-07-01,3895,5,8,8,1653.48,0.0020539152759948653,0.4245134788189987,true,2017-01-01,2018-08-31
2017-07-01,3895,6,12,12,2235.46,0.0030808729139922978,0.5739306803594352,true,2017-01-01,2018-08-31
2017-07-01,3895,7,4,4,192.9,0.0010269576379974327,0.04952503209242619,true,2017-01-01,2018-08-31
2017-07-01,3895,8,7,8,256.27000000000004,0.001797175866495507,0.06579460847240053,true,2017-01-01,2018-08-31
2017-07-01,3895,9,10,11,1835.54,0.0025673940949935813,0.47125545571245187,true,2017-01-01,2018-08-31
2017-07-01,3895,10,9,9,1086.59,0.0023106546854942235,0.27897047496790756,true,2017-01-01,2018-08-31
2017-07-01,3895,11,12,13,969.1999999999999,0.0030808729139922978,0.2488318356867779,true,2017-01-01,2018-08-31
2017-07-01,3895,12,5,5,1274.29,0.0012836970474967907,0.3271604621309371,true,2017-01-01,2018-08-31
2017-07-01,3895,13,10,10,763.6999999999999,0.0025673940949935813,0.1960718870346598,true,2017-01-01,2018-08-31
2017-04-01,2353,0,2353,2384,357873.87000000034,1.0,152.09259243518926,true,2017-01-01,2018-08-31
2017-04-01,2353,1,14,15,2638.53,0.005949851253718657,1.121347216319592,true,2017-01-01,2018-08-31
2017-04-01,2353,2,5,6,800.38,0.0021249468763280916,0.34015299617509565,true,2017-01-01,2018-08-31
2017-04-01,2353,3,4,5,670.78,0.0016999575010624734,0.28507437314067147,true,2017-01-01,2018-08-31
2017-04-01,2353,4,8,8,1717.0800000000002,0.003399915002124947,0.729740756481088,true,2017-01-01,2018-08-31
2017-04-01,2353,5,6,6,1046.38,0.0025499362515937103,0.4447003824904378,true,2017-01-01,2018-08-31
2017-04-01,2353,6,8,9,1832.6700000000005,0.003399915002124947,0.778865278368041,true,2017-01-01,2018-08-31
2017-04-01,2353,7,7,7,933.85,0.0029749256268593286,0.39687632809179774,true,2017-01-01,2018-08-31
2017-04-01,2353,8,7,7,859.58,0.0029749256268593286,0.3653123671908202,true,2017-01-01,2018-08-31
2017-04-01,2353,9,4,4,439.49,0.0016999575010624734,0.18677858053548663,true,2017-01-01,2018-08-31
2017-04-01,2353,10,6,6,566.0699999999999,0.0025499362515937103,0.24057373565660856,true,2017-01-01,2018-08-31
2017-04-01,2353,11,2,2,264.5,0.0008499787505312367,0.11240968975775606,true,2017-01-01,2018-08-31
2017-04-01,2353,12,2,2,448.9,0.0008499787505312367,0.19077773055673608,true,2017-01-01,2018-08-31
2017-04-01,2353,13,1,1,252.0,0.00042498937526561835,0.10709732256693583,true,2017-01-01,2018-08-31
2017-04-01,2353,14,2,2,257.8,0.0008499787505312367,0.10956226094347642,true,2017-01-01,2018-08-31
2017-04-01,2353,15,2,2,211.75,0.0008499787505312367,0.08999150021249469,true,2017-01-01,2018-08-31
2017-04-01,2353,16,5,6,1063.8899999999999,0.0021249468763280916,0.45214194645133865,true,2017-01-01,2018-08-31
2017-08-01,4184,0,4184,4266,564432.8300000101,1.0,134.90268403441922,true,2017-01-01,2018-08-31
2017-08-01,4184,1,29,30,4621.66,0.006931166347992352,1.1046032504780114,true,2017-01-01,2018-08-31
2017-08-01,4184,2,14,16,1905.1900000000003,0.0033460803059273425,0.45535133843212244,true,2017-01-01,2018-08-31
2017-08-01,4184,3,11,11,804.74,0.0026290630975143404,0.1923374760994264,true,2017-01-01,2018-08-31
2017-08-01,4184,4,15,15,1539.26,0.0035850860420650094,0.36789196940726576,true,2017-01-01,2018-08-31
2017-08-01,4184,5,22,24,2541.3199999999997,0.005258126195028681,0.6073900573613766,true,2017-01-01,2018-08-31
2017-08-01,4184,6,12,12,1589.63,0.0028680688336520078,0.3799306883365201,true,2017-01-01,2018-08-31
2017-08-01,4184,7,11,11,1600.6000000000001,0.0026290630975143404,0.3825525812619503,true,2017-01-01,2018-08-31
2017-08-01,4184,8,6,6,1631.6899999999998,0.0014340344168260039,0.3899832695984703,true,2017-01-01,2018-08-31
2017-08-01,4184,9,6,6,1067.78,0.0014340344168260039,0.2552055449330784,true,2017-01-01,2018-08-31
2017-08-01,4184,10,10,10,1150.83,0.002390057361376673,0.27505497131931167,true,2017-01-01,2018-08-31
2017-08-01,4184,11,8,8,1695.64,0.0019120458891013384,0.4052676864244742,true,2017-01-01,2018-08-31
2017-08-01,4184,12,4,4,455.87,0.0009560229445506692,0.1089555449330784,true,2017-01-01,2018-08-31
2017-06-01,3139,0,3139,3200,427975.47000000306,1.0,136.34134119146321,true,2017-01-01,2018-08-31
2017-06-01,3139,1,15,15,3601.4000000000005,0.004778591908251036,1.1473080598916854,true,2017-01-01,2018-08-31
2017-06-01,3139,2,11,12,1673.04,0.003504300732717426,0.5329850270786874,true,2017-01-01,2018-08-31
2017-06-01,3139,3,13,13,1238.6499999999999,0.00414144632048423,0.3946001911436763,true,2017-01-01,2018-08-31
2017-06-01,3139,4,8,8,1199.7900000000002,0.002548582351067219,0.3822204523733674,true,2017-01-01,2018-08-31
2017-06-01,3139,5,12,12,1421.6799999999998,0.003822873526600828,0.4529085696081554,true,2017-01-01,2018-08-31
2017-06-01,3139,6,12,12,1316.6399999999999,0.003822873526600828,0.41944568333864285,true,2017-01-01,2018-08-31
2017-06-01,3139,7,7,7,663.0500000000001,0.0022300095571838167,0.21122969098438996,true,2017-01-01,2018-08-31
2017-06-01,3139,8,4,4,275.70000000000005,0.0012742911755336094,0.08783051927365404,true,2017-01-01,2018-08-31
2017-06-01,3139,9,7,7,420.57,0.0022300095571838167,0.13398215992354254,true,2017-01-01,2018-08-31
2017-06-01,3139,10,10,10,2114.2799999999997,0.0031857279388340237,0.6735520866517999,true,2017-01-01,2018-08-31
2017-06-01,3139,11,11,11,1932.47,0.003504300732717426,0.6156323669958585,true,2017-01-01,2018-08-31
2017-06-01,3139,12,5,5,388.81,0.0015928639694170119,0.12386428798980567,true,2017-01-01,2018-08-31
2017-06-01,3139,13,4,4,817.3,0.0012742911755336094,0.2603695444409047,true,2017-01-01,2018-08-31
2017-06-01,3139,14,6,7,2155.6900000000005,0.001911436763300414,0.6867441860465118,true,2017-01-01,2018-08-31
2017-10-01,4470,0,4470,4535,652475.2600000096,1.0,145.96761968680303,true,2017-01-01,2018-08-31
2017-10-01,4470,1,31,33,3656.940000000001,0.006935123042505592,0.8181073825503358,true,2017-01-01,2018-08-31
2017-10-01,4470,2,11,11,1324.51,0.0024608501118568234,0.29631096196868006,true,2017-01-01,2018-08-31
2017-10-01,4470,3,4,4,520.67,0.0008948545861297539,0.11648098434004474,true,2017-01-01,2018-08-31
2017-10-01,4470,4,10,11,1199.0,0.0022371364653243847,0.2682326621923937,true,2017-01-01,2018-08-31
2017-10-01,4470,5,9,10,1184.4,0.0020134228187919465,0.26496644295302013,true,2017-01-01,2018-08-31
2017-10-01,4470,6,10,10,871.79,0.0022371364653243847,0.19503131991051453,true,2017-01-01,2018-08-31
2017-10-01,4470,7,16,17,1996.2700000000002,0.0035794183445190158,0.446592841163311,true,2017-01-01,2018-08-31
2017-10-01,4470,8,12,13,2118.33,0.0026845637583892616,0.4738993288590604,true,2017-01-01,2018-08-31
2017-10-01,4470,9,9,9,1706.0200000000002,0.0020134228187919465,0.38165995525727076,true,2017-01-01,2018-08-31
2017-10-01,4470,10,9,9,781.5699999999999,0.0020134228187919465,0.17484787472035793,true,2017-01-01,2018-08-31
2017-05-01,3596,0,3596,3670,501691.42000000534,1.0,139.5137430478324,true,2017-01-01,2018-08-31
2017-05-01,3596,1,18,19,1579.4900000000005,0.005005561735261402,0.43923526140155744,true,2017-01-01,2018-08-31
2017-05-01,3596,2,18,21,2663.6899999999996,0.005005561735261402,0.7407369299221356,true,2017-01-01,2018-08-31
2017-05-01,3596,3,14,14,1575.6,0.00389321468298109,0.43815350389321467,true,2017-01-01,2018-08-31
2017-05-01,3596,4,11,11,1088.59,0.0030589543937708566,0.30272246941045605,true,2017-01-01,2018-08-31
2017-05-01,3596,5,12,14,1375.93,0.0033370411568409346,0.38262791991101225,true,2017-01-01,2018-08-31
2017-05-01,3596,6,15,17,2682.06,0.004171301446051168,0.745845383759733,true,2017-01-01,2018-08-31
2017-05-01,3596,7,6,6,552.45,0.0016685205784204673,0.15362903225806454,true,2017-01-01,2018-08-31
2017-05-01,3596,8,9,9,1382.5700000000002,0.002502780867630701,0.3844744160177976,true,2017-01-01,2018-08-31
2017-05-01,3596,9,11,13,1086.02,0.0030589543937708566,0.30200778642936593,true,2017-01-01,2018-08-31
2017-05-01,3596,10,9,9,1183.8400000000001,0.002502780867630701,0.32921023359288104,true,2017-01-01,2018-08-31
2017-05-01,3596,11,12,12,1157.26,0.0033370411568409346,0.3218186874304783,true,2017-01-01,2018-08-31
2017-05-01,3596,12,9,10,989.38,0.002502780867630701,0.27513348164627366,true,2017-01-01,2018-08-31
2017-05-01,3596,13,1,1,46.9,0.00027808676307007786,0.013042269187986651,true,2017-01-01,2018-08-31
2017-05-01,3596,14,7,8,636.64,0.001946607341490545,0.17704115684093436,true,2017-01-01,2018-08-31
2017-05-01,3596,15,9,11,740.66,0.002502780867630701,0.20596774193548387,true,2017-01-01,2018-08-31
2018-05-01,6624,0,6624,6677,971996.5300000256,1.0,146.73860658212948,true,2017-01-01,2018-08-31
2018-05-01,6624,1,35,36,7269.49,0.005283816425120773,1.0974471618357489,true,2017-01-01,2018-08-31
2018-05-01,6624,2,18,18,2203.7600000000007,0.002717391304347826,0.33269323671497597,true,2017-01-01,2018-08-31
2018-05-01,6624,3,14,14,1567.0,0.002113526570048309,0.23656400966183574,true,2017-01-01,2018-08-31
2018-08-01,6271,0,6271,6316,835391.0900000196,1.0,133.21497209376807,true,2017-01-01,2018-08-31
2017-01-01,765,0,765,800,120312.86999999975,1.0,157.27172549019576,true,2017-01-01,2018-08-31
2017-01-01,765,1,3,3,124.91999999999999,0.00392156862745098,0.1632941176470588,true,2017-01-01,2018-08-31
2017-01-01,765,2,2,2,82.89,0.00261437908496732,0.10835294117647058,true,2017-01-01,2018-08-31
2017-01-01,765,3,1,1,75.0,0.00130718954248366,0.09803921568627451,true,2017-01-01,2018-08-31
2017-01-01,765,4,3,3,199.70000000000002,0.00392156862745098,0.26104575163398697,true,2017-01-01,2018-08-31
2017-01-01,765,5,1,1,59.99,0.00130718954248366,0.07841830065359477,true,2017-01-01,2018-08-31
2017-01-01,765,6,4,4,372.95000000000005,0.00522875816993464,0.4875163398692811,true,2017-01-01,2018-08-31
2017-01-01,765,7,1,1,79.8,0.00130718954248366,0.10431372549019607,true,2017-01-01,2018-08-31
2017-01-01,765,8,1,1,25.9,0.00130718954248366,0.0338562091503268,true,2017-01-01,2018-08-31
2017-01-01,765,10,3,3,373.1,0.00392156862745098,0.48771241830065365,true,2017-01-01,2018-08-31
2017-01-01,765,11,1,1,49.0,0.00130718954248366,0.06405228758169934,true,2017-01-01,2018-08-31
2017-01-01,765,12,6,6,456.14000000000004,0.00784313725490196,0.5962614379084968,true,2017-01-01,2018-08-31
2017-01-01,765,13,3,3,298.8,0.00392156862745098,0.3905882352941177,true,2017-01-01,2018-08-31
2017-01-01,765,14,1,1,48.0,0.00130718954248366,0.06274509803921569,true,2017-01-01,2018-08-31
2017-01-01,765,15,1,1,89.9,0.00130718954248366,0.11751633986928105,true,2017-01-01,2018-08-31
2017-01-01,765,16,2,2,163.9,0.00261437908496732,0.2142483660130719,true,2017-01-01,2018-08-31
2017-01-01,765,17,3,3,319.79,0.00392156862745098,0.4180261437908497,true,2017-01-01,2018-08-31
2017-01-01,765,19,1,1,38.0,0.00130718954248366,0.04967320261437908,true,2017-01-01,2018-08-31
2018-03-01,6966,0,6966,7057,966104.530000025,1.0,138.68856302038833,true,2017-01-01,2018-08-31
2018-03-01,6966,1,32,32,3915.1499999999996,0.004593741027849555,0.562037037037037,true,2017-01-01,2018-08-31
2018-03-01,6966,2,22,25,2899.0399999999995,0.003158196956646569,0.4161699684180304,true,2017-01-01,2018-08-31
2018-03-01,6966,3,20,21,2800.3399999999997,0.002871088142405972,0.4020011484352569,true,2017-01-01,2018-08-31
2018-03-01,6966,4,9,9,1331.85,0.0012919896640826874,0.19119293712316968,true,2017-01-01,2018-08-31
2018-03-01,6966,5,9,9,414.86,0.0012919896640826874,0.059554981337927075,true,2017-01-01,2018-08-31
2018-04-01,6711,0,6711,6765,973866.660000023,1.0,145.11498435404903,true,2017-01-01,2018-08-31
2018-04-01,6711,1,39,39,4299.32,0.00581135449262405,0.6406377589032931,true,2017-01-01,2018-08-31
2018-04-01,6711,2,21,21,3167.7600000000007,0.0031291908806437194,0.4720250335270452,true,2017-01-01,2018-08-31
2018-04-01,6711,3,16,16,1506.8600000000001,0.0023841454328714052,0.22453583668603785,true,2017-01-01,2018-08-31
2018-04-01,6711,4,9,10,674.51,0.0013410818059901655,0.10050812099538071,true,2017-01-01,2018-08-31
2017-03-01,2636,0,2636,2676,373783.02999999945,1.0,141.79932852807264,true,2017-01-01,2018-08-31
2017-03-01,2636,1,13,14,1493.8600000000001,0.004931714719271623,0.5667147192716238,true,2017-01-01,2018-08-31
2017-03-01,2636,2,10,10,1452.24,0.0037936267071320183,0.5509256449165402,true,2017-01-01,2018-08-31
2017-03-01,2636,3,10,12,1645.05,0.0037936267071320183,0.6240705614567527,true,2017-01-01,2018-08-31
2017-03-01,2636,4,9,9,989.3299999999999,0.0034142640364188165,0.3753148710166919,true,2017-01-01,2018-08-31
2017-03-01,2636,5,4,4,1306.99,0.0015174506828528073,0.4958232169954476,true,2017-01-01,2018-08-31
2017-03-01,2636,6,4,4,593.68,0.0015174506828528073,0.22522003034901364,true,2017-01-01,2018-08-31
2017-03-01,2636,7,8,8,737.68,0.0030349013657056147,0.2798482549317147,true,2017-01-01,2018-08-31
2017-03-01,2636,8,9,9,1227.89,0.0034142640364188165,0.46581562974203344,true,2017-01-01,2018-08-31
2017-03-01,2636,9,2,2,206.49,0.0007587253414264037,0.07833459787556905,true,2017-01-01,2018-08-31
2017-03-01,2636,10,10,10,960.02,0.0037936267071320183,0.364195751138088,true,2017-01-01,2018-08-31
2017-03-01,2636,11,4,4,306.04,0.0015174506828528073,0.1161001517450683,true,2017-01-01,2018-08-31
2017-03-01,2636,12,6,6,805.25,0.002276176024279211,0.30548179059180575,true,2017-01-01,2018-08-31
2017-03-01,2636,13,3,3,168.89,0.0011380880121396055,0.06407056145675265,true,2017-01-01,2018-08-31
2017-03-01,2636,14,4,4,617.7,0.0015174506828528073,0.2343323216995448,true,2017-01-01,2018-08-31
2017-03-01,2636,15,6,6,608.5999999999999,0.002276176024279211,0.2308801213960546,true,2017-01-01,2018-08-31
2017-03-01,2636,16,2,2,154.89,0.0007587253414264037,0.05875948406676783,true,2017-01-01,2018-08-31
2017-03-01,2636,17,4,4,385.69000000000005,0.0015174506828528073,0.14631638846737482,true,2017-01-01,2018-08-31
2017-02-01,1752,0,1752,1777,247178.0999999965,1.0,141.08339041095692,true,2017-01-01,2018-08-31
2017-02-01,1752,1,4,4,478.38,0.00228310502283105,0.2730479452054794,true,2017-01-01,2018-08-31
2017-02-01,1752,2,5,5,484.5,0.0028538812785388126,0.276541095890411,true,2017-01-01,2018-08-31
2017-02-01,1752,3,2,2,89.25,0.001141552511415525,0.05094178082191781,true,2017-01-01,2018-08-31
2017-02-01,1752,4,7,7,978.22,0.003995433789954338,0.5583447488584475,true,2017-01-01,2018-08-31
2017-02-01,1752,5,2,2,49.989999999999995,0.001141552511415525,0.028533105022831046,true,2017-01-01,2018-08-31
2017-02-01,1752,6,4,4,583.89,0.00228310502283105,0.3332705479452055,true,2017-01-01,2018-08-31
2017-02-01,1752,7,3,3,234.89,0.0017123287671232876,0.13406963470319633,true,2017-01-01,2018-08-31
2017-02-01,1752,8,3,3,572.7,0.0017123287671232876,0.32688356164383564,true,2017-01-01,2018-08-31
2017-02-01,1752,9,4,4,358.38,0.00228310502283105,0.20455479452054795,true,2017-01-01,2018-08-31
2017-02-01,1752,10,2,2,318.9,0.001141552511415525,0.18202054794520547,true,2017-01-01,2018-08-31
2017-02-01,1752,11,5,5,382.78000000000003,0.0028538812785388126,0.21848173515981736,true,2017-01-01,2018-08-31
2017-02-01,1752,12,3,3,269.99,0.0017123287671232876,0.15410388127853883,true,2017-01-01,2018-08-31
2017-02-01,1752,13,3,3,279.8,0.0017123287671232876,0.15970319634703198,true,2017-01-01,2018-08-31
2017-02-01,1752,14,2,2,143.8,0.001141552511415525,0.08207762557077626,true,2017-01-01,2018-08-31
2017-02-01,1752,15,1,1,117.0,0.0005707762557077625,0.06678082191780822,true,2017-01-01,2018-08-31
2017-02-01,1752,16,1,1,251.8,0.0005707762557077625,0.14372146118721463,true,2017-01-01,2018-08-31
2017-02-01,1752,17,4,5,439.35999999999996,0.00228310502283105,0.2507762557077625,true,2017-01-01,2018-08-31
2017-09-01,4131,0,4131,4203,613983.2900000105,1.0,148.62824739772708,true,2017-01-01,2018-08-31
2017-09-01,4131,1,28,28,2986.0500000000006,0.006778019849915275,0.7228395061728397,true,2017-01-01,2018-08-31
2017-09-01,4131,2,22,22,2823.74,0.00532558702493343,0.6835487775357056,true,2017-01-01,2018-08-31
2017-09-01,4131,3,12,16,1518.3500000000001,0.002904865649963689,0.36755022996853065,true,2017-01-01,2018-08-31
2017-09-01,4131,4,19,19,2861.49,0.0045993706124425075,0.6926870007262164,true,2017-01-01,2018-08-31
2017-09-01,4131,5,9,13,1633.5800000000002,0.002178649237472767,0.395444202372307,true,2017-01-01,2018-08-31
2017-09-01,4131,6,9,9,872.07,0.002178649237472767,0.21110384894698622,true,2017-01-01,2018-08-31
2017-09-01,4131,7,10,10,795.24,0.002420721374969741,0.19250544662309368,true,2017-01-01,2018-08-31
2017-09-01,4131,8,12,12,1009.89,0.002904865649963689,0.24446623093681916,true,2017-01-01,2018-08-31
2017-09-01,4131,9,8,8,508.19,0.0019365770999757927,0.12301863955458726,true,2017-01-01,2018-08-31
2017-09-01,4131,10,11,11,1107.69,0.002662793512466715,0.26814088598402325,true,2017-01-01,2018-08-31
2017-09-01,4131,11,3,3,255.42,0.0007262164124909223,0.06183006535947712,true,2017-01-01,2018-08-31
2017-11-01,7305,0,7305,7413,995076.7500000277,1.0,136.21858316222145,true,2017-01-01,2018-08-31
2017-11-01,7305,1,40,42,7115.269999999998,0.0054757015742642025,0.974027378507871,true,2017-01-01,2018-08-31
2017-11-01,7305,2,28,30,3495.5600000000004,0.0038329911019849418,0.47851608487337444,true,2017-01-01,2018-08-31
2017-11-01,7305,3,13,13,1310.31,0.001779603011635866,0.17937166324435316,true,2017-01-01,2018-08-31
2017-11-01,7305,4,14,14,2062.32,0.0019164955509924709,0.28231622176591376,true,2017-01-01,2018-08-31
2017-11-01,7305,5,13,14,1669.8100000000004,0.001779603011635866,0.22858453114305277,true,2017-01-01,2018-08-31
2017-11-01,7305,6,8,9,977.12,0.0010951403148528405,0.13376043805612595,true,2017-01-01,2018-08-31
2017-11-01,7305,7,14,14,1563.15,0.0019164955509924709,0.21398357289527722,true,2017-01-01,2018-08-31
2017-11-01,7305,8,10,10,1196.4400000000003,0.0013689253935660506,0.1637837097878166,true,2017-01-01,2018-08-31
2017-11-01,7305,9,4,4,503.49,0.0005475701574264203,0.06892402464065708,true,2017-01-01,2018-08-31
2018-06-01,5941,0,5941,5975,839549.9000000178,1.0,141.31457667059718,true,2017-01-01,2018-08-31
2018-06-01,5941,1,25,25,2425.7200000000003,0.004208045783538125,0.40830163272176406,true,2017-01-01,2018-08-31
2018-06-01,5941,2,17,17,1489.9800000000002,0.002861471132805925,0.25079616226224544,true,2017-01-01,2018-08-31
2018-01-01,7026,0,7026,7125,931069.8300000305,1.0,132.5177668659309,true,2017-01-01,2018-08-31
2018-01-01,7026,1,24,24,3225.4,0.0034158838599487617,0.45906632507828066,true,2017-01-01,2018-08-31
2018-01-01,7026,2,27,27,3132.4400000000005,0.003842869342442357,0.4458354682607459,true,2017-01-01,2018-08-31
2018-01-01,7026,3,20,20,2846.8300000000004,0.002846569883290635,0.40518502704241394,true,2017-01-01,2018-08-31
2018-01-01,7026,4,20,20,2244.56,0.002846569883290635,0.3194648448619414,true,2017-01-01,2018-08-31
2018-01-01,7026,5,11,12,1304.5,0.0015656134358098491,0.18566752063763164,true,2017-01-01,2018-08-31
2018-01-01,7026,6,12,12,1031.03,0.0017079419299743809,0.14674494733845717,true,2017-01-01,2018-08-31
2018-01-01,7026,7,16,16,1299.0300000000002,0.002277255906632508,0.1848889837745517,true,2017-01-01,2018-08-31
2018-02-01,6451,0,6451,6602,830671.6900000257,1.0,128.7663447527555,true,2017-01-01,2018-08-31
2018-02-01,6451,1,25,25,2972.67,0.0038753681599751977,0.46080762672453884,true,2017-01-01,2018-08-31
2018-02-01,6451,2,25,26,3320.56,0.0038753681599751977,0.5147356998914897,true,2017-01-01,2018-08-31
2018-02-01,6451,3,19,19,3066.690000000001,0.0029452798015811503,0.47538211130057373,true,2017-01-01,2018-08-31
2018-02-01,6451,4,17,17,1736.8700000000003,0.0026352503487831343,0.2692404278406449,true,2017-01-01,2018-08-31
2018-02-01,6451,5,14,14,2556.3400000000006,0.002170206169586111,0.39627034568284,true,2017-01-01,2018-08-31
2018-02-01,6451,6,13,13,1451.2800000000004,0.002015191443187103,0.22496977212835226,true,2017-01-01,2018-08-31
2017-01-01,765,9,0,0,0.0,0.0,0.0,true,2017-01-01,2018-08-31
2017-01-01,765,18,0,0,0.0,0.0,0.0,true,2017-01-01,2018-08-31
2017-02-01,1752,18,0,0,0.0,0.0,0.0,true,2017-01-01,2018-08-31
