driver,bucket,n_reviews,share_of_reviews,mean_score,median_score,stddev_score,detractor_rate,promoter_rate,net_promoter_gap,comment_rate,score_vs_driver_mean,suppress_small_n,analysis_start,analysis_end
installments,01 single payment,47372,0.4817654835757144,4.14124377269273,5.0,1.3008518157407771,0.13201891412648822,0.5891032677531031,0.4570843536266148,0.3923836865659039,0.05261364963771076,false,2017-01-01,2018-08-31
installments,03 4-6x,15916,0.16186311400386455,4.078034682080925,5.0,1.3486494081830966,0.1482784619251068,0.5752073385272681,0.42692887660216133,0.4328977129932144,-0.01059544097409404,false,2017-01-01,2018-08-31
installments,unknown,721,0.007332451947523645,1.7295423023578362,1.0,1.3166987068674283,0.7905686546463245,0.09431345353675451,-0.6962552011095701,0.6837725381414702,-2.359087820697183,false,2017-01-01,2018-08-31
installments,02 2-3x,22413,0.22793654022170243,4.098781956900013,5.0,1.3275942707456045,0.14188194351492436,0.5751572747958774,0.4332753312809531,0.40641591933253024,0.010151833844994407,false,2017-01-01,2018-08-31
installments,04 7x+,11908,0.12110241025119496,4.017215317433658,5.0,1.4187040426585058,0.16946590527376554,0.5736479677527713,0.40418206247900573,0.45633187772925765,-0.0714148056213606,false,2017-01-01,2018-08-31
seller_sla,unknown,1680,0.017085324926268686,1.5928571428571427,1.0,1.205386532158232,0.8303571428571429,0.07261904761904762,-0.7577380952380953,0.6779761904761905,-2.4957729801978763,false,2017-01-01,2018-08-31
seller_sla,met dispatch SLA,88035,0.8953015356452761,4.176838757312432,5.0,1.2704602596148562,0.12359856875106491,0.5990344749247458,0.4754359061736809,0.4033168626114613,0.08820863425741354,false,2017-01-01,2018-08-31
seller_sla,missed dispatch SLA,8615,0.08761313942845521,3.6739408009286127,4.0,1.5565010690990202,0.2444573418456181,0.46360998258850844,0.21915264074289034,0.44910040626813696,-0.4146893221264061,false,2017-01-01,2018-08-31
customer_region,Sudeste,67490,0.6863622495677819,4.110164468810194,5.0,1.3370813589282773,0.1425248184916284,0.5881760260779375,0.4456512075863091,0.4081938064898504,0.021534345755175544,false,2017-01-01,2018-08-31
customer_region,Nordeste,9269,0.09426421234618122,3.8948106591865357,5.0,1.4467396855739887,0.18815406192685294,0.5125687776459165,0.32441471571906355,0.48883374689826303,-0.19381946386848314,false,2017-01-01,2018-08-31
customer_region,Centro-Oeste,5730,0.058273161802094985,4.070680628272251,5.0,1.342042374630101,0.14659685863874344,0.5630017452006981,0.4164048865619547,0.4144851657940663,-0.017949494782767417,false,2017-01-01,2018-08-31
customer_region,Sul,14014,0.14252008542662464,4.137219922934209,5.0,1.2995925146819423,0.13308120450977595,0.5864135864135864,0.4533323819038105,0.3714856571999429,0.04858979987919021,false,2017-01-01,2018-08-31
customer_region,Norte,1827,0.018580290857317196,3.9600437876299943,5.0,1.3939477999754515,0.1718664477285167,0.5259989053092501,0.3541324575807334,0.4668856048166393,-0.1285863354250245,false,2017-01-01,2018-08-31
distance_band,unknown,1299,0.013210617309061324,2.7806004618937643,2.0,1.7769433970710047,0.5057736720554272,0.3140877598152425,-0.19168591224018472,0.5712086220169361,-1.3080296611612545,false,2017-01-01,2018-08-31
distance_band,03 200-600km,38532,0.3918641309874911,4.092780026990553,5.0,1.344727600876956,0.14559327312363748,0.5817242811169937,0.43613100799335625,0.40382020139105157,0.0041499039355343825,false,2017-01-01,2018-08-31
distance_band,02 50-200km,12988,0.13208583341808197,4.242223591007083,5.0,1.2299352769995857,0.11202648598706498,0.6251924853711118,0.5131659993840468,0.3945950107791808,0.15359346795206452,false,2017-01-01,2018-08-31
distance_band,04 600-1500km,24744,0.2516424285569002,4.0573876495312,5.0,1.3519503894827005,0.14961202715809893,0.559529582929195,0.409917555771096,0.4146459747817653,-0.031242473523819037,false,2017-01-01,2018-08-31
distance_band,05 1500km+,8899,0.09050137292789585,3.9366220923699293,5.0,1.4211996229184287,0.17788515563546467,0.5235419710079784,0.3456568153725137,0.47319923586919876,-0.1520080306850895,false,2017-01-01,2018-08-31
distance_band,01 under 50km,11868,0.1206956168005695,4.229356252106505,5.0,1.24593185760501,0.11585776879002359,0.6239467475564543,0.5080889787664307,0.38894506235254467,0.14072612905148585,false,2017-01-01,2018-08-31
order_status,shipped,1024,0.01041391233601139,2.0048828125,1.0,1.4513874394696085,0.6943359375,0.1162109375,-0.578125,0.6103515625,-2.083747310555019,false,2017-01-01,2018-08-31
order_status,processing,293,0.0029797620258313843,1.266211604095563,1.0,0.7921608536680299,0.9283276450511946,0.020477815699658702,-0.9078498293515359,0.6996587030716723,-2.8224185189594557,false,2017-01-01,2018-08-31
order_status,canceled,561,0.0057052781450218654,1.8128342245989304,1.0,1.3844465072360197,0.7611408199643493,0.11051693404634581,-0.6506238859180036,0.6524064171122995,-2.2757958984560887,false,2017-01-01,2018-08-31
order_status,invoiced,291,0.002959422353300112,1.6219931271477663,1.0,1.2267411889963538,0.8281786941580757,0.07560137457044673,-0.752577319587629,0.6804123711340206,-2.4666369959072525,false,2017-01-01,2018-08-31
order_status,delivered,95568,0.971910912234313,4.156328478151683,5.0,1.284388443062989,0.12796124225682237,0.5923216976393771,0.46436045538255477,0.4050414364640884,0.06769835509666411,false,2017-01-01,2018-08-31
order_status,created,3,3.0509508796908368e-05,2.3333333333333335,1.0,2.3094010767585034,0.6666666666666666,0.3333333333333333,-0.3333333333333333,0.6666666666666666,-1.7552967897216853,true,2017-01-01,2018-08-31
order_status,unavailable,588,0.005979863724194041,1.5272108843537415,1.0,1.1307718684528705,0.8486394557823129,0.05952380952380952,-0.7891156462585034,0.6955782312925171,-2.5614192387012773,false,2017-01-01,2018-08-31
order_status,approved,2,2.0339672531272246e-05,2.5,2.5,2.1213203435596424,0.5,0.0,-0.5,0.0,-1.5886301230550188,true,2017-01-01,2018-08-31
freight_ratio_band,04 50-100%,12336,0.12545510017288722,4.079523346303502,5.0,1.3334579335628776,0.14380674448767833,0.5674448767833982,0.42363813229571984,0.3942931258106355,-0.009106776751516499,false,2017-01-01,2018-08-31
freight_ratio_band,05 over 100%,3127,0.03180107800264416,3.975375759513911,5.0,1.3995593783220914,0.16885193476175248,0.5372561560601216,0.3684042212983691,0.4131755676367125,-0.11325436354110785,false,2017-01-01,2018-08-31
freight_ratio_band,01 under 10%,15515,0.15778500966134446,4.138833387044795,5.0,1.3399041391055202,0.14237834353851112,0.6067676442152755,0.4643893006767644,0.4189494038027715,0.05020326398977648,false,2017-01-01,2018-08-31
freight_ratio_band,unknown,721,0.007332451947523645,1.7295423023578362,1.0,1.3166987068674283,0.7905686546463245,0.09431345353675451,-0.6962552011095701,0.6837725381414702,-2.359087820697183,false,2017-01-01,2018-08-31
freight_ratio_band,02 10-25%,38582,0.3923726228007729,4.121766626924472,5.0,1.3145535832614692,0.13677362500647972,0.5834067699963713,0.4466331449898916,0.41140946555388525,0.03313650386945355,false,2017-01-01,2018-08-31
freight_ratio_band,03 25-50%,28049,0.2852537374148276,4.092552319155764,5.0,1.3360930148510244,0.14346322507041248,0.5768833113479982,0.4334200862775857,0.40971157617027343,0.003922196100744735,false,2017-01-01,2018-08-31
payment_type,debit_card,1512,0.015376792433641819,4.180555555555555,5.0,1.2836363421894972,0.12698412698412698,0.6084656084656085,0.4814814814814815,0.421957671957672,0.09192543250053653,false,2017-01-01,2018-08-31
payment_type,unknown,721,0.007332451947523645,1.7295423023578362,1.0,1.3166987068674283,0.7905686546463245,0.09431345353675451,-0.6962552011095701,0.6837725381414702,-2.359087820697183,false,2017-01-01,2018-08-31
payment_type,voucher,3015,0.03066205634089291,4.072636815920398,5.0,1.3492720317630125,0.1495854063018242,0.575787728026534,0.4262023217247098,0.40829187396351574,-0.01599330713462077,false,2017-01-01,2018-08-31
payment_type,credit_card,73667,0.7491813281806163,4.105366039067697,5.0,1.333080670932771,0.1422753743195732,0.5823638807064221,0.4400885063868489,0.40966782955733233,0.016735916012677876,false,2017-01-01,2018-08-31
payment_type,boleto,19415,0.19744737109732532,4.108060777749163,5.0,1.3202796593587143,0.13844965233067216,0.5782642286891578,0.43981457635848564,0.41066185938707184,0.019430654694144067,false,2017-01-01,2018-08-31
primary_category,luggage_accessories,1023,0.010403742499745754,4.331378299120234,5.0,1.1470470709490688,0.09188660801564028,0.6510263929618768,0.5591397849462365,0.4046920821114369,0.24274817606521548,false,2017-01-01,2018-08-31
primary_category,home_appliances_2,232,0.0023594020136275804,4.133620689655173,5.0,1.260209833796654,0.12931034482758622,0.5560344827586207,0.4267241379310345,0.4396551724137931,0.04499056660015377,false,2017-01-01,2018-08-31
primary_category,books_technical,254,0.002583138411471575,4.409448818897638,5.0,1.1548442785271185,0.0984251968503937,0.7125984251968503,0.6141732283464566,0.32677165354330706,0.32081869584261913,false,2017-01-01,2018-08-31
primary_category,food_drink,224,0.0022780433235024917,4.383928571428571,5.0,1.03087350930388,0.05803571428571429,0.6473214285714286,0.5892857142857143,0.33035714285714285,0.29529844837355235,false,2017-01-01,2018-08-31
primary_category,construction_tools_construction,731,0.007434150310180006,4.106703146374829,5.0,1.3363603989443862,0.13953488372093023,0.5841313269493844,0.44459644322845415,0.3967168262653899,0.01807302331981031,false,2017-01-01,2018-08-31
primary_category,industry_commerce_and_business,228,0.0023187226685650363,4.214912280701754,5.0,1.22108729306854,0.10526315789473684,0.6008771929824561,0.4956140350877193,0.37280701754385964,0.12628215764673545,false,2017-01-01,2018-08-31
primary_category,signaling_and_security,137,0.0013932675683921488,4.131386861313868,5.0,1.265012893727449,0.10948905109489052,0.5693430656934306,0.45985401459854014,0.41605839416058393,0.0427567382588494,false,2017-01-01,2018-08-31
primary_category,furniture_bedroom,95,0.0009661344452354318,4.136842105263158,5.0,1.3884824588858942,0.15789473684210525,0.6210526315789474,0.46315789473684216,0.4631578947368421,0.04821198220813905,false,2017-01-01,2018-08-31
primary_category,art,198,0.0020136275805959524,4.02020202020202,5.0,1.3923634946064367,0.16161616161616163,0.5606060606060606,0.3989898989898989,0.4292929292929293,-0.06842810285299894,false,2017-01-01,2018-08-31
primary_category,books_imported,53,0.0005390013220787145,4.320754716981132,5.0,1.3412621051953608,0.1320754716981132,0.7358490566037735,0.6037735849056604,0.2830188679245283,0.2321245939261134,false,2017-01-01,2018-08-31
primary_category,pc_gamer,8,8.135869012508898e-05,3.125,4.0,1.807721533549109,0.375,0.25,-0.125,0.25,-0.9636301230550188,true,2017-01-01,2018-08-31
primary_category,sports_leisure,7613,0.07742296349028781,4.174832523315382,5.0,1.2956482556822055,0.12833311440956258,0.6068566924996717,0.4785235780901091,0.3828976750295547,0.08620240026036274,false,2017-01-01,2018-08-31
primary_category,bed_bath_table,9221,0.0937760602054307,3.978635722806637,5.0,1.3874550758744326,0.16570870838303872,0.5352998590174601,0.3695911506344214,0.4563496366988396,-0.10999440024838192,false,2017-01-01,2018-08-31
primary_category,home_appliances,761,0.00773924539814909,4.1563731931668855,5.0,1.2949251096071055,0.12483574244415244,0.5926412614980289,0.46780551905387646,0.4375821287779238,0.06774307011186664,false,2017-01-01,2018-08-31
primary_category,books_general_interest,504,0.005125597477880606,4.468253968253968,5.0,1.1061836526291926,0.08134920634920635,0.7341269841269841,0.6527777777777777,0.3194444444444444,0.37962384519894954,false,2017-01-01,2018-08-31
primary_category,uncategorized,1402,0.014258110444421844,3.940085592011412,5.0,1.4708607194605734,0.19186875891583452,0.5456490727532097,0.3537803138373752,0.42867332382310985,-0.14854453104360665,false,2017-01-01,2018-08-31
primary_category,stationery,2275,0.02313637750432218,4.255824175824176,5.0,1.2190063159278186,0.11120879120879121,0.625934065934066,0.5147252747252747,0.3701098901098901,0.16719405276915733,false,2017-01-01,2018-08-31
primary_category,costruction_tools_tools,94,0.0009559646089697956,4.425531914893617,5.0,1.1405465743308336,0.0851063829787234,0.6914893617021277,0.6063829787234043,0.43617021276595747,0.33690179183859836,false,2017-01-01,2018-08-31
primary_category,health_beauty,8694,0.08841655649344046,4.187485622268231,5.0,1.2899276389264975,0.12514377731769036,0.6165171382562686,0.4913733609385783,0.37876696572348745,0.09885549921321246,false,2017-01-01,2018-08-31
primary_category,fashion_male_clothing,110,0.0011186819892199736,3.727272727272727,5.0,1.6418220517790865,0.2545454545454545,0.5272727272727272,0.2727272727272727,0.5727272727272728,-0.36135739578229176,false,2017-01-01,2018-08-31
primary_category,electronics,2514,0.025566968371809214,4.100636435958632,5.0,1.3125763740237102,0.13882259347653142,0.5636435958631663,0.42482100238663484,0.41408114558472553,0.01200631290361276,false,2017-01-01,2018-08-31
primary_category,office_furniture,1255,0.012763144513373334,3.6286852589641434,4.0,1.4800554244862818,0.2239043824701195,0.398406374501992,0.1745019920318725,0.47729083665338645,-0.4599448640908754,false,2017-01-01,2018-08-31
primary_category,musical_instruments,619,0.00629512864842876,4.189014539579968,5.0,1.2776934231681043,0.12924071082390953,0.6074313408723748,0.4781906300484653,0.4087237479806139,0.10038441652494878,false,2017-01-01,2018-08-31
primary_category,computers,178,0.00181023085528323,4.174157303370786,5.0,1.3225577077655584,0.12921348314606743,0.6067415730337079,0.4775280898876405,0.43820224719101125,0.08552718031576756,false,2017-01-01,2018-08-31
primary_category,air_conditioning,243,0.002471270212549578,4.045267489711934,5.0,1.3973145105439684,0.16049382716049382,0.5720164609053497,0.4115226337448559,0.40329218106995884,-0.04336263334308477,false,2017-01-01,2018-08-31
primary_category,christmas_supplies,125,0.0012712295332045155,4.048,5.0,1.3004713785591793,0.128,0.512,0.384,0.432,-0.040630123055018785,false,2017-01-01,2018-08-31
primary_category,fashion_underwear_beach,120,0.0012203803518763348,3.933333333333333,4.0,1.376472982353253,0.18333333333333332,0.49166666666666664,0.30833333333333335,0.4166666666666667,-0.1552967897216857,false,2017-01-01,2018-08-31
primary_category,baby,2802,0.028495881216312417,4.057458957887223,5.0,1.3731953666884642,0.15453247680228407,0.5749464668094219,0.42041399000713775,0.37223411848679516,-0.0311711651677955,false,2017-01-01,2018-08-31
primary_category,audio,341,0.003467914166581918,3.835777126099707,5.0,1.5154144444396795,0.21700879765395895,0.530791788856305,0.313782991202346,0.44281524926686217,-0.25285299695531194,false,2017-01-01,2018-08-31
primary_category,perfumery,3103,0.03155700193226889,4.208185626812762,5.0,1.3055839116826373,0.13148565903963905,0.6406703190460844,0.5091846600064454,0.3870447953593297,0.11955550375774315,false,2017-01-01,2018-08-31
primary_category,fashion_bags_accessories,1837,0.01868198921997356,4.193249863908546,5.0,1.2464320098072537,0.11431682090364725,0.5966249319542732,0.482308111050626,0.4180729450190528,0.10461974085352743,false,2017-01-01,2018-08-31
primary_category,costruction_tools_garden,190,0.0019322688904708635,4.226315789473684,5.0,1.2833249248387315,0.13157894736842105,0.6368421052631579,0.5052631578947369,0.46842105263157896,0.13768566641866542,false,2017-01-01,2018-08-31
primary_category,construction_tools_lights,229,0.0023288925048306724,4.192139737991266,5.0,1.16518549748336,0.09606986899563319,0.5633187772925764,0.4672489082969432,0.37554585152838427,0.10350961493624755,false,2017-01-01,2018-08-31
primary_category,cds_dvds_musicals,12,0.00012203803518763347,4.666666666666667,5.0,0.6513389472789296,0.0,0.75,0.75,0.4166666666666667,0.5780365436116481,true,2017-01-01,2018-08-31
primary_category,no items,721,0.007332451947523645,1.7295423023578362,1.0,1.3166987068674283,0.7905686546463245,0.09431345353675451,-0.6962552011095701,0.6837725381414702,-2.359087820697183,false,2017-01-01,2018-08-31
primary_category,home_construction,476,0.004840842062442795,4.006302521008403,5.0,1.336910100065367,0.1638655462184874,0.5210084033613446,0.3571428571428572,0.4012605042016807,-0.08232760204661549,false,2017-01-01,2018-08-31
primary_category,pet_shop,1691,0.017197193125190684,4.239503252513305,5.0,1.2484312482064404,0.1159077468953282,0.631578947368421,0.5156712004730928,0.38143110585452394,0.15087312945828657,false,2017-01-01,2018-08-31
primary_category,auto,3849,0.039143699786433436,4.100285788516498,5.0,1.325749472813565,0.14211483502208366,0.571836840737854,0.42972200571577035,0.4330995063652897,0.011655665461479003,false,2017-01-01,2018-08-31
primary_category,consoles_games,1037,0.01054612020746466,4.075216972034715,5.0,1.3377980944401642,0.1407907425265188,0.5699132111861138,0.429122468659595,0.37319189971070393,-0.013413151020303715,false,2017-01-01,2018-08-31
primary_category,agro_industry_and_commerce,182,0.0018509102003457744,4.021978021978022,5.0,1.3253001076001258,0.14835164835164835,0.5054945054945055,0.3571428571428571,0.3241758241758242,-0.06665210107699693,false,2017-01-01,2018-08-31
primary_category,small_appliances,621,0.006315468320960032,4.181964573268921,5.0,1.3090491521000616,0.13687600644122383,0.6167471819645732,0.4798711755233494,0.428341384863124,0.09333445021390219,false,2017-01-01,2018-08-31
primary_category,construction_tools_safety,161,0.0016373436387674158,3.888198757763975,5.0,1.487421379518409,0.19254658385093168,0.5217391304347826,0.3291925465838509,0.40993788819875776,-0.20043136529104366,false,2017-01-01,2018-08-31
primary_category,fashion_childrens_clothes,8,8.135869012508898e-05,4.5,5.0,1.4142135623730951,0.125,0.875,0.75,0.125,0.41136987694498117,true,2017-01-01,2018-08-31
primary_category,dvds_blu_ray,57,0.0005796806671412591,4.0701754385964914,5.0,1.4621370016276936,0.17543859649122806,0.5964912280701754,0.42105263157894735,0.3157894736842105,-0.01845468445852738,false,2017-01-01,2018-08-31
primary_category,party_supplies,38,0.0003864537780941727,4.0,5.0,1.4704292441876154,0.18421052631578946,0.6052631578947368,0.42105263157894735,0.5,-0.08863012305501883,false,2017-01-01,2018-08-31
primary_category,fashio_female_clothing,37,0.00037628394182853654,3.7027027027027026,4.0,1.506741607001768,0.21621621621621623,0.4594594594594595,0.24324324324324326,0.5675675675675675,-0.3859274203523162,false,2017-01-01,2018-08-31
primary_category,security_and_services,2,2.0339672531272246e-05,2.5,2.5,2.1213203435596424,0.5,0.0,-0.5,1.0,-1.5886301230550188,true,2017-01-01,2018-08-31
primary_category,computers_accessories,6612,0.06724295738838605,4.02994555353902,5.0,1.3807715755186623,0.15970961887477314,0.5568663036902601,0.397156684815487,0.4056261343012704,-0.05868456951599921,false,2017-01-01,2018-08-31
primary_category,toys,3813,0.03877758568087054,4.1930238657225285,5.0,1.2912586930140768,0.12562286913191711,0.6215578284815106,0.49593495934959353,0.37293469708890636,0.10439374266750967,false,2017-01-01,2018-08-31
primary_category,home_comfort_2,21,0.0002135665615783586,3.9047619047619047,5.0,1.4800257398019099,0.19047619047619047,0.5238095238095238,0.33333333333333337,0.5238095238095238,-0.18386821829311417,true,2017-01-01,2018-08-31
primary_category,market_place,265,0.0026950066103935727,4.064150943396227,5.0,1.2849794155323693,0.12452830188679245,0.5283018867924528,0.4037735849056604,0.38113207547169814,-0.024479179658792205,false,2017-01-01,2018-08-31
primary_category,tablets_printing_image,76,0.0007729075561883454,4.144736842105263,5.0,1.1742111947280018,0.13157894736842105,0.5263157894736842,0.39473684210526316,0.3684210526315789,0.056106719050244,false,2017-01-01,2018-08-31
primary_category,portable_kitchen_food_preparers,14,0.00014237770771890573,3.4285714285714284,3.5,1.5045717874984443,0.2857142857142857,0.35714285714285715,0.07142857142857145,0.6428571428571429,-0.6600586944835904,true,2017-01-01,2018-08-31
primary_category,la_cuisine,12,0.00012203803518763347,4.25,5.0,1.5447859516333116,0.16666666666666666,0.75,0.5833333333333334,0.4166666666666667,0.16136987694498117,true,2017-01-01,2018-08-31
primary_category,cool_stuff,3562,0.03622495677819587,4.1830432341381245,5.0,1.2590203386913177,0.12128017967434025,0.5974171813587872,0.47613700168444695,0.4197080291970803,0.09441311108310568,false,2017-01-01,2018-08-31
primary_category,garden_tools,3443,0.035014746262585175,4.153935521347662,5.0,1.2918659142078934,0.12953819343595702,0.5925065349985478,0.46296834156259076,0.4478652338077258,0.06530539829264281,false,2017-01-01,2018-08-31
primary_category,watches_gifts,5555,0.05649344045560867,4.066966696669667,5.0,1.3591001114202736,0.15157515751575157,0.5731773177317732,0.4216021602160216,0.4457245724572457,-0.021663426385352125,false,2017-01-01,2018-08-31
primary_category,arts_and_craftmanship,22,0.00022373639784399471,4.318181818181818,5.0,1.249242194534775,0.09090909090909091,0.6818181818181818,0.5909090909090908,0.45454545454545453,0.22955169512679952,true,2017-01-01,2018-08-31
primary_category,fashion_shoes,233,0.0023695718498932166,4.214592274678112,5.0,1.2718273343454836,0.12446351931330472,0.630901287553648,0.5064377682403434,0.4678111587982833,0.1259621516230931,false,2017-01-01,2018-08-31
primary_category,kitchen_dining_laundry_garden_furniture,241,0.0024509305400183057,4.074688796680498,5.0,1.3144320726390908,0.12863070539419086,0.5477178423236515,0.41908713692946065,0.3941908713692946,-0.013941326374521168,false,2017-01-01,2018-08-31
primary_category,food,439,0.004464558120614258,4.28246013667426,5.0,1.2377020088360096,0.11389521640091116,0.6492027334851936,0.5353075170842825,0.35990888382687924,0.19383001361924102,false,2017-01-01,2018-08-31
primary_category,cine_photo,64,0.0006508695210007119,4.28125,5.0,1.302850964201445,0.125,0.703125,0.578125,0.34375,0.19261987694498117,false,2017-01-01,2018-08-31
primary_category,music,36,0.00036611410556290045,4.388888888888889,5.0,1.0764432909959347,0.05555555555555555,0.6666666666666666,0.611111111111111,0.4166666666666667,0.30025876583387046,false,2017-01-01,2018-08-31
primary_category,diapers_and_hygiene,26,0.0002644157429065392,3.6923076923076925,4.0,1.5170822197687446,0.19230769230769232,0.4230769230769231,0.23076923076923075,0.2692307692307692,-0.3963224307473263,true,2017-01-01,2018-08-31
primary_category,flowers,28,0.00028475541543781146,4.392857142857143,5.0,1.1333099904225385,0.07142857142857142,0.6785714285714286,0.6071428571428572,0.4642857142857143,0.3042270198021244,true,2017-01-01,2018-08-31
primary_category,housewares,5771,0.058690125088986064,4.151966730202738,5.0,1.2902598167553245,0.12944030497314157,0.5938312250909721,0.4643909201178305,0.40270317102755154,0.06333660714771927,false,2017-01-01,2018-08-31
primary_category,telephony,4138,0.042082782467202276,4.0113581440309325,5.0,1.3468435213224814,0.152489125181247,0.5309328177863702,0.3784436926051232,0.44272595456742386,-0.07727197902408633,false,2017-01-01,2018-08-31
primary_category,furniture_living_room,412,0.004189972541442083,4.031553398058253,5.0,1.3350868692635358,0.15048543689320387,0.5412621359223301,0.3907766990291262,0.3713592233009709,-0.05707672499676608,false,2017-01-01,2018-08-31
primary_category,drinks,291,0.002959422353300112,4.161512027491409,5.0,1.293763468639409,0.12027491408934708,0.5876288659793815,0.46735395189003437,0.40893470790378006,0.07288190443639042,false,2017-01-01,2018-08-31
primary_category,furniture_mattress_and_upholstery,38,0.0003864537780941727,3.8157894736842106,4.5,1.539660600681724,0.21052631578947367,0.5,0.2894736842105263,0.42105263157894735,-0.2728406493708082,false,2017-01-01,2018-08-31
primary_category,home_confort,373,0.003793348927082274,3.8873994638069704,5.0,1.4584484846825514,0.18498659517426275,0.5361930294906166,0.3512064343163539,0.5415549597855228,-0.2012306592480484,false,2017-01-01,2018-08-31
primary_category,fixed_telephony,209,0.0021254957795179496,3.8995215311004783,5.0,1.4657794463531986,0.19138755980861244,0.5167464114832536,0.3253588516746412,0.45454545454545453,-0.18910859195454055,false,2017-01-01,2018-08-31
primary_category,small_appliances_home_oven_and_coffee,75,0.0007627377199227092,4.293333333333333,5.0,1.2387148236839722,0.10666666666666667,0.6533333333333333,0.5466666666666666,0.4,0.20470321027831417,false,2017-01-01,2018-08-31
primary_category,fashion_sport,26,0.0002644157429065392,4.3076923076923075,5.0,1.2253727847224538,0.11538461538461539,0.6538461538461539,0.5384615384615384,0.23076923076923078,0.21906218463728866,true,2017-01-01,2018-08-31
primary_category,furniture_decor,6230,0.06335807993491305,4.031460674157303,5.0,1.3833304376298994,0.16147672552166933,0.5645264847512038,0.40304975922953445,0.39775280898876403,-0.05716944889771547,false,2017-01-01,2018-08-31
lateness_band,0 on time,89182,0.9069663378419608,4.291157408445651,5.0,1.1483018270752243,0.0924738175865085,0.6228274763965823,0.5303536588100738,0.3918503733937342,0.20252728539063192,false,2017-01-01,2018-08-31
lateness_band,2 late 3-7d,1748,0.017776873792331945,2.102974828375286,1.0,1.5092662711063556,0.6767734553775744,0.14073226544622425,-0.5360411899313502,0.5978260869565217,-1.985655294679733,false,2017-01-01,2018-08-31
lateness_band,4 late 21d+,687,0.006986677514492017,1.784570596797671,1.0,1.3248667067153443,0.7569141193595342,0.08296943231441048,-0.6739446870451238,0.6564774381368268,-2.3040595262573476,false,2017-01-01,2018-08-31
lateness_band,1 late 0-3d,1851,0.018824366927692463,3.290653700702323,4.0,1.587046944761508,0.32144786601836844,0.3317125877903836,0.01026472177201515,0.48352242031334414,-0.7979764223526957,false,2017-01-01,2018-08-31
lateness_band,no outcome,2770,0.02817044645581206,1.7541516245487365,1.0,1.3250342917968543,0.7776173285198555,0.09097472924187726,-0.6866425992779783,0.6534296028880866,-2.3344784985062823,false,2017-01-01,2018-08-31
lateness_band,3 late 7-21d,2092,0.02127529746771077,1.6677820267686425,1.0,1.198218929441299,0.8044933078393881,0.06596558317399617,-0.738527724665392,0.6534416826003824,-2.4208480962863765,false,2017-01-01,2018-08-31
multi_seller,multi-seller,1260,0.012813993694701516,2.8595238095238096,3.0,1.6725926268941516,0.4722222222222222,0.29285714285714287,-0.17936507936507934,0.6507936507936508,-1.2291063135312092,false,2017-01-01,2018-08-31
multi_seller,single seller,97070,0.9871860063052985,4.1045843205933865,5.0,1.3333918556233186,0.14203152364273205,0.5818790563510868,0.43984753270835475,0.4089213969300505,0.015954197538367687,false,2017-01-01,2018-08-31
delivery_days_band,no outcome,2770,0.02817044645581206,1.7541516245487365,1.0,1.3250342917968543,0.7776173285198555,0.09097472924187726,-0.6866425992779783,0.6534296028880866,-2.3344784985062823,false,2017-01-01,2018-08-31
delivery_days_band,01 under 5d,13354,0.1358079934913048,4.446907293694773,5.0,1.0466129095482872,0.07128950127302681,0.6984424142579002,0.6271529129848734,0.3806350157256253,0.35827717063975406,false,2017-01-01,2018-08-31
delivery_days_band,05 40d+,1673,0.017014136072409234,1.8344291691572026,1.0,1.3406456167722556,0.749551703526599,0.09085475194261805,-0.6586969515839809,0.657501494321578,-2.2542009538978163,false,2017-01-01,2018-08-31
delivery_days_band,02 5-10d,32816,0.333733346893115,4.362841296928328,5.0,1.1029948106232887,0.08175889809848855,0.6560823988298391,0.5743235007313505,0.3864882983910288,0.27421117387330884,false,2017-01-01,2018-08-31
delivery_days_band,03 10-20d,35480,0.36082579070476967,4.2194757609921085,5.0,1.193100299243612,0.10403043968432919,0.590783540022548,0.4867531003382188,0.3978579481397971,0.1308456379370897,false,2017-01-01,2018-08-31
delivery_days_band,04 20-40d,12237,0.12444828638258924,3.4195472746588216,4.0,1.5980548687418237,0.2981122824221623,0.37836070932418076,0.08024842690201844,0.46759826754923595,-0.6690828483961972,false,2017-01-01,2018-08-31
gmv_band,04 R$200-500,11315,0.11507169734567274,3.9845338046840477,5.0,1.4318004224375656,0.17560760053026955,0.5601414052143173,0.38453380468404774,0.4494918250110473,-0.10409631837097111,false,2017-01-01,2018-08-31
gmv_band,02 R$50-100,28025,0.2850096613444524,4.122176628010704,5.0,1.3090964389610686,0.13537912578055308,0.5806244424620874,0.44524531668153433,0.40827832292595895,0.03354650495568556,false,2017-01-01,2018-08-31
gmv_band,05 R$500+,3579,0.03639784399471169,3.94020676166527,5.0,1.4875300793607158,0.19586476669460742,0.5596535345068455,0.3637887678122381,0.4789047219893825,-0.148423361389749,false,2017-01-01,2018-08-31
gmv_band,no items,721,0.007332451947523645,1.7295423023578362,1.0,1.3166987068674283,0.7905686546463245,0.09431345353675451,-0.6962552011095701,0.6837725381414702,-2.359087820697183,false,2017-01-01,2018-08-31
gmv_band,03 R$100-200,25580,0.26014441167497204,4.092924159499609,5.0,1.3462067222063416,0.14667709147771696,0.5807271305707584,0.43405003909304146,0.417982799061767,0.004294036444590255,false,2017-01-01,2018-08-31
gmv_band,01 under R$50,29110,0.29604393369266757,4.1697011336310545,5.0,1.268697820553462,0.12291308828581243,0.5948471315699072,0.4719340432840948,0.3808656818962556,0.08107101057603572,false,2017-01-01,2018-08-31
