category,n_items,n_orders,n_sellers,gmv,gmv_share,mean_price,median_price,freight_total,mean_freight,freight_to_price_ratio,mean_weight_g,mean_volume_litres,freight_per_kg,mean_route_distance_km,late_rate,mean_delivery_days,mean_handling_days,mean_transit_days,mean_photos,mean_description_length,mean_review_score,detractor_rate,suppress_small_n,analysis_start,analysis_end
health_beauty,9619,8791,488,1253993.85999997,0.09260230816976117,130.36634369476766,79.9,181617.37000000232,18.88110718369917,0.14483114773784192,1043.4858093356897,8.24559850296287,18.09426349144065,664.2105731712667,0.07556781999575461,11.920325306168785,2.6050415226970918,8.872967560899655,1.8298159891880652,1109.9145441314065,4.1458224132508645,0.13628262920641576,false,2017-01-01,2018-08-31
furniture_decor,8265,6397,360,723881.7100000408,0.05345569809080171,87.58399395039817,65.49,171441.5700000001,20.74308166969148,0.23683644389908737,2657.6825166364188,19.627963823351347,7.8049509449849825,561.3071059869243,0.07090796788140828,12.856655654496317,3.2408108157184308,9.144288285235522,2.4960677555958863,773.2180278281911,3.910168662918602,0.19274016132974822,false,2017-01-01,2018-08-31
electronics,2765,2548,148,158939.7499999953,0.011737049262685158,57.48273056057697,21.9,46537.73999999992,16.83100904159129,0.29280114005465147,780.5728752260397,5.580337070524331,21.562380113089805,627.1526435216837,0.07587976539589443,12.889591339300281,2.321129664419726,10.132065263692054,1.7667269439421338,606.6433996383363,4.037873270211216,0.157319737800437,false,2017-01-01,2018-08-31
christmas_supplies,153,128,17,8800.819999999994,0.0006499044945775225,57.52169934640519,44.9,3229.3000000000006,21.106535947712423,0.36693171772630306,1893.7124183006536,15.638816993464062,11.14558670246913,710.1832092176762,0.1,15.740683950617292,2.9149575617283947,12.422857561728398,2.947712418300654,529.8104575163399,4.02054794520548,0.14383561643835616,false,2017-01-01,2018-08-31
office_furniture,1685,1267,34,272659.8199999966,0.020134810450468946,161.81591691394456,144.99,68285.28000000003,40.52538872403562,0.2504413008121288,11386.228486646884,73.99155252225539,3.559158220965044,554.3426822765855,0.08002406738868832,20.77415141563047,10.213717060547314,9.967007774546499,1.2166172106824926,1156.5038575667656,3.4976076555023923,0.2595693779904306,false,2017-01-01,2018-08-31
air_conditioning,287,248,51,53317.87000000012,0.003937306223090592,185.7765505226485,139.0,6551.409999999998,22.827212543554,0.12287456344373816,4076.177700348432,24.29619512195123,5.600151470727767,537.7078227154315,0.03914590747330961,11.735271558257542,3.11933669434559,8.126666543100045,2.3867595818815333,1075.2996515679442,3.975177304964539,0.17375886524822695,false,2017-01-01,2018-08-31
computers,203,181,9,222963.1299999999,0.016464913532156372,1098.3405418719205,1100.0,9836.300000000014,48.45467980295573,0.04411626263050765,7216.79802955665,41.926640394088686,6.71415212182853,1072.3553510472852,0.05025125628140704,13.508087776847203,2.813828401265585,10.095712009119673,2.857142857142857,2602.344827586207,4.175,0.13,false,2017-01-01,2018-08-31
musical_instruments,680,628,70,191498.87999999902,0.014141407598219377,281.61599999999856,94.83500000000001,18638.49000000003,27.409544117647105,0.09732949874171654,3095.845588235294,23.633695588235323,8.85365349674019,646.3160858221827,0.07373271889400922,12.980612501422318,2.870719814957047,9.565418764578716,3.161764705882353,872.0705882352942,4.1513353115727005,0.14094955489614244,false,2017-01-01,2018-08-31
fashion_underwear_beach,131,121,9,9541.549999999985,0.000704604369846918,72.83625954198462,59.9,1916.189999999999,14.627404580152664,0.2008258616262559,276.14503816793894,3.947793893129766,52.97000691085001,554.2282077851727,0.09448818897637795,13.706325823855344,3.869931740303294,9.479931922572181,2.2442748091603053,738.8778625954199,3.976923076923077,0.17692307692307693,false,2017-01-01,2018-08-31
perfumery,3386,3132,174,393436.1700000017,0.029053649002293815,116.19497046662778,84.99,53678.699999999924,15.853130537507361,0.13643560021438725,480.32398109864147,4.891324571766074,33.005078158385125,571.4304715734461,0.06553911205073996,11.706845615624706,2.474602115423332,8.840766608499145,1.5983461311281748,721.4562906083875,4.166073546856465,0.1444246737841044,false,2017-01-01,2018-08-31
fashion_bags_accessories,2021,1855,98,152304.33999999776,0.011247051423578909,75.3608807521018,49.0,31293.0899999998,15.483963384463038,0.20546420410606986,381.2162295893122,3.8660188025729756,40.617272252926,590.2807919540764,0.05313765182186235,11.06725552697181,2.1441789260477586,8.493346781751386,3.698169223156853,428.81098466105885,4.149751243781094,0.1253731343283582,false,2017-01-01,2018-08-31
baby,3051,2874,240,410134.7300000047,0.030286769233928413,134.4263290724368,77.98,68164.18999999974,22.34158964274,0.16619950717170176,3283.7016393442623,27.21350426229519,6.806012606724292,597.623105287762,0.07707842477280377,12.495036175311965,2.868721993935198,9.201614655403471,2.4005244182235335,895.8738118649624,4.013218770654329,0.16655651024454726,false,2017-01-01,2018-08-31
construction_tools_lights,304,244,37,41080.000000000044,0.0030335896697403953,135.13157894736855,104.5,7583.799999999986,24.94671052631574,0.18461051606621173,3370.6085526315787,23.952072368420996,7.401248212830521,464.65086872253147,0.07308970099667775,9.724348891042203,2.758251007444321,6.442226413498217,2.3782894736842106,887.375,4.0508474576271185,0.14576271186440679,false,2017-01-01,2018-08-31
audio,362,348,36,50531.510000000155,0.0037315449545370933,139.58980662983467,89.0,5684.399999999998,15.70276243093922,0.1124921855689644,1223.7734806629835,3.4695303867403395,12.8314289196986,555.6941591171632,0.11666666666666667,13.338771122685191,2.5295225694444423,10.37474328060699,1.8535911602209945,785.4861878453039,3.8268156424581004,0.21787709497206703,false,2017-01-01,2018-08-31
costruction_tools_garden,238,194,33,25715.89000000003,0.0018990131025360356,108.0499579831934,48.945,5311.4000000000015,22.316806722689083,0.2065415585460972,2305.5336134453783,13.808462184873946,9.679670941487144,681.5448889535858,0.05603448275862069,11.889818755986585,2.7670462164750957,8.692340756704986,2.4495798319327733,1210.9327731092437,4.046218487394958,0.17647058823529413,false,2017-01-01,2018-08-31
cds_dvds_musicals,14,12,1,730.0,5.390750873686676e-05,52.142857142857146,45.0,224.99,16.070714285714285,0.3082054794520548,550.0,13.125,29.21948051948052,534.4971614400548,0.0,10.749771825396824,2.1483614417989423,8.149750330687828,2.0,117.0,4.642857142857143,0.0,true,2017-01-01,2018-08-31
computers_accessories,7806,6671,286,910555.0000000341,0.06724075564095829,116.64809121189266,81.99,146977.3100000014,18.828761209326338,0.1614150820104177,903.4103253907251,5.54200038431957,20.841870720464588,676.0285384525972,0.06486698990957934,13.216037137747081,3.171701123463259,9.557936261144828,1.7367409684857802,804.4121188829106,3.935704161834815,0.18464115449040072,false,2017-01-01,2018-08-31
toys,4090,3861,251,479481.5100000058,0.03540774478012517,117.23264303178625,79.9,76904.95999999999,18.803168704156477,0.1603919200137646,1850.4911980440097,18.89527726161379,10.16117705614144,559.8540154376145,0.06392009987515605,11.65725216164975,2.3900487729458577,8.89989407627041,2.7858190709046453,658.4635696821516,4.161655988171513,0.1343026121241991,false,2017-01-01,2018-08-31
market_place,298,273,55,27072.28000000007,0.001999176946064256,90.84657718120829,62.8,5183.070000000002,17.392852348993298,0.19145302870685396,1110.5268456375838,10.242859060402692,15.661802699607485,617.3624062837778,0.03741496598639456,11.78391809964727,3.027474844104309,8.320026769967246,2.5939597315436242,945.8322147651006,3.9966216216216215,0.14527027027027026,false,2017-01-01,2018-08-31
tablets_printing_image,83,79,6,7528.409999999994,0.0005559422299311161,90.70373493975897,99.0,1226.2,14.773493975903614,0.1628763576904022,307.09638554216866,5.93879518072289,48.10702656047707,716.3448306693897,0.060240963855421686,13.00234381972334,3.0442580042391794,9.501281514948683,1.8674698795180722,535.9759036144578,4.1234567901234565,0.13580246913580246,false,2017-01-01,2018-08-31
portable_kitchen_food_preparers,15,14,5,3968.53,0.0002930596789692025,264.5686666666667,34.9,309.76,20.650666666666666,0.07805409055746082,2838.3333333333335,18.703466666666667,7.275631238990017,537.1606763267811,0.07142857142857142,8.145603505291007,1.3682705026455024,6.224573412698413,2.2666666666666666,657.7333333333333,3.2666666666666666,0.3333333333333333,true,2017-01-01,2018-08-31
home_comfort_2,30,24,4,760.2699999999995,5.6142824201887206e-05,25.34233333333332,12.9,410.31000000000006,13.677000000000001,0.5396898470280299,827.9333333333333,30.789666666666662,16.519446010145746,464.50221838526465,0.13333333333333333,14.57352546296296,2.013320601851852,12.19026118827161,1.0333333333333334,355.73333333333335,3.6296296296296298,0.25925925925925924,false,2017-01-01,2018-08-31
la_cuisine,14,13,2,2054.99,0.00015175259093037506,146.785,137.0,333.55,23.825,0.1623122253636271,3685.714285714286,28.224928571428574,6.464147286821706,693.5043438945968,0.0,7.6113723544973535,1.2953811177248677,6.142365244708995,1.0714285714285714,435.64285714285717,4.0,0.23076923076923078,true,2017-01-01,2018-08-31
food_drink,278,227,34,15179.479999999974,0.0011209423982480723,54.60244604316537,38.745000000000005,4507.990000000001,16.215791366906476,0.296979211409087,1104.6546762589928,6.3982410071942475,14.67951181071594,514.9155471616581,0.040892193308550186,10.886025144568363,2.431648939832028,7.993392365413746,1.9640287769784173,1192.5287769784172,4.310469314079422,0.07942238267148015,false,2017-01-01,2018-08-31
signaling_and_security,199,140,46,21509.230000000014,0.0015883684988332565,108.08658291457293,75.0,6507.819999999994,32.7026130653266,0.302559412866011,3886.7236180904524,31.04392964824118,8.41392809952188,575.2953605531187,0.04060913705583756,10.4338662107539,2.4057822194021443,7.327076165632638,2.3165829145728645,750.7386934673367,4.086294416243655,0.116751269035533,false,2017-01-01,2018-08-31
luggage_accessories,1092,1034,73,140429.97999999864,0.010370178594202672,128.59888278388155,99.945,30445.229999999956,27.880247252747214,0.21680007360251885,5774.545787545788,39.50545512820498,4.828128181592697,552.2004220971878,0.04178272980501393,10.666089940334972,1.660929106915644,8.660755893428252,2.3131868131868134,577.1630036630037,4.315257352941177,0.09650735294117647,false,2017-01-01,2018-08-31
construction_tools_construction,929,748,128,144677.5899999997,0.01068384718760796,155.7347578040901,89.0,20650.410000000003,22.228643702906353,0.1427339921822035,3119.390742734123,13.23295479009689,7.1259568089322185,518.9112616253288,0.06331877729257641,10.733935854864177,2.050419421195213,8.224037405992227,2.2744886975242196,911.7825618945102,4.053030303030303,0.15151515151515152,false,2017-01-01,2018-08-31
industry_commerce_and_business,264,232,28,39310.010000000024,0.0029028831609881106,148.90155303030312,104.0,7810.719999999998,29.5860606060606,0.19869544678314743,6732.223484848485,42.073522727272774,4.394693769843926,528.7768739892347,0.06538461538461539,10.705909277065532,2.2157045495014236,8.054511440527063,2.5568181818181817,1175.905303030303,4.095785440613027,0.13793103448275862,false,2017-01-01,2018-08-31
books_technical,266,259,25,18829.06000000001,0.0013904489266534092,70.78593984962409,57.49,4250.220000000003,15.978270676691741,0.2257266161985782,1011.1315789473684,3.128748120300752,15.802365398700937,547.5979612784056,0.07984790874524715,10.654120634417689,2.452230891775806,7.689213094986624,1.0751879699248121,1319.9097744360902,4.376425855513308,0.10646387832699619,false,2017-01-01,2018-08-31
fashion_male_clothing,131,111,13,10772.919999999982,0.0007955359986596789,82.236030534351,59.9,2141.4499999999985,16.346946564885485,0.1987808319378592,581.8702290076336,8.48007633587786,28.093801246310246,576.0728577816096,0.056451612903225805,12.841568660394264,4.4447224089008355,8.110798144414577,1.7786259541984732,580.4274809160305,3.6615384615384614,0.27692307692307694,false,2017-01-01,2018-08-31
books_imported,60,53,7,4639.849999999998,0.00034263391015445355,77.33083333333329,63.0,769.8499999999999,12.830833333333333,0.16592131211138297,625.8333333333334,2.105716666666667,20.501997336884152,338.910225353086,0.03508771929824561,8.126521483105911,2.402936565951918,5.255817495126704,1.7333333333333334,647.95,4.4,0.11666666666666667,false,2017-01-01,2018-08-31
art,209,202,36,24202.640000000087,0.0017872657907606103,115.80210526315831,97.5,4045.1700000000033,19.354880382775136,0.1671375519364825,1557.5454545454545,14.435626794258377,12.426526831875707,501.2840461663007,0.06091370558375635,11.36186336717428,3.4592879300620396,7.341965183775144,1.8899521531100478,953.9138755980862,3.9371980676328504,0.18357487922705315,false,2017-01-01,2018-08-31
furniture_bedroom,109,95,23,20028.78,0.001479043332655866,183.75027522935778,179.0,4632.229999999998,42.4975229357798,0.23127868996514006,9989.220183486239,47.93340366972476,4.2543383923036275,607.2535381211776,0.06796116504854369,13.244851334951463,4.065676015821648,8.70097873966199,2.0642201834862384,738.7247706422019,4.1192660550458715,0.1651376146788991,false,2017-01-01,2018-08-31
pc_gamer,9,8,2,1545.95,0.00011416207278323173,171.77222222222224,129.99,133.57,14.841111111111111,0.08639994825188395,1882.7777777777778,6.354666666666667,7.882561227500737,479.1264292875377,0.0,9.395118634259259,2.0586964699074075,6.852076099537037,3.888888888888889,949.0,3.3333333333333335,0.3333333333333333,true,2017-01-01,2018-08-31
telephony,4534,4189,147,323107.9499999898,0.023860198133665148,71.26333259814508,29.99,71066.32999999894,15.674091310101222,0.2199460892249825,261.622849580944,1.7798522276135667,59.91101822798465,702.3951058479332,0.06965174129353234,12.863406735263062,3.0254926912156295,9.326255420603216,2.9047198941332155,760.3275253639171,3.9469006887358367,0.1684070206620751,false,2017-01-01,2018-08-31
housewares,6952,5875,467,630961.5900000238,0.04659392798021044,90.75972238205176,59.75,145893.64000000077,20.985851553509892,0.23122428102159953,3215.4329689298042,22.745542577675696,6.526602095671935,493.9678846068541,0.05012531328320802,10.910994803866947,2.6649661019378423,7.814978865327817,2.3227848101265822,694.5133774453394,4.054879814653924,0.15638575152041703,false,2017-01-01,2018-08-31
fashion_sport,30,27,10,2119.5100000000007,0.00015651712855188561,70.65033333333335,59.9,578.1300000000001,19.271000000000004,0.27276587513151623,340.0,7.834999999999999,56.6794117647059,717.6233366504789,0.034482758620689655,11.82139527458493,2.0219240900383144,9.355686063218393,2.2333333333333334,588.5333333333333,4.233333333333333,0.1,false,2017-01-01,2018-08-31
home_confort,434,397,20,58572.04000000021,0.004325305147994686,134.95861751152123,89.9,8501.230000000003,19.588087557603693,0.1451414360845204,3114.400921658986,26.501589861751178,6.289520216032259,538.4602695558464,0.09324009324009325,13.543138057929735,2.38490883730467,10.683514714452215,1.576036866359447,265.778801843318,3.8310185185185186,0.2013888888888889,false,2017-01-01,2018-08-31
fixed_telephony,259,212,48,58878.11999999998,0.0043479079017949155,227.32864864864857,60.0,4568.2400000000025,17.63799227799229,0.07758807516272605,565.4864864864865,4.248980694980686,31.190828957879585,650.5989191163392,0.04,12.517527777777786,3.1367297222222223,8.840846620370373,2.9034749034749034,981.96138996139,3.67578125,0.26171875,false,2017-01-01,2018-08-31
furniture_living_room,503,422,56,68916.56000000003,0.005089205562075073,137.01105367793247,103.97,17968.17000000005,35.72200795228638,0.26072354743185155,8092.532803180915,42.62539363817105,4.414193778521999,562.5456375941014,0.0707070707070707,13.79503518986158,3.4075824448185563,9.974418490460147,2.0,587.4353876739563,3.9016064257028114,0.18072289156626506,false,2017-01-01,2018-08-31
drinks,379,297,36,22428.70000000004,0.0016562675906939255,59.178627968337835,47.49,5741.24999999999,15.14841688654351,0.2559778319742107,1052.3482849604222,9.30768601583115,14.394870123357713,403.59522807664047,0.0443213296398892,10.43188186108546,2.891494466246025,7.206039069713755,1.9788918205804749,1024.4063324538258,4.037533512064343,0.14745308310991956,false,2017-01-01,2018-08-31
furniture_mattress_and_upholstery,38,38,5,4368.08,0.0003225648092648396,114.94947368421053,85.0,1630.4599999999994,42.90684210526314,0.37326697313236007,7557.894736842105,69.5577105263158,5.677089136490249,269.8432544184216,0.13513513513513514,14.432969532032029,2.4862712712712707,11.645106356356356,1.368421052631579,918.2105263157895,3.8157894736842106,0.21052631578947367,false,2017-01-01,2018-08-31
arts_and_craftmanship,24,23,13,1814.0100000000004,0.00013395720537501875,75.58375000000002,44.9,370.12999999999994,15.422083333333331,0.2040396690205676,1369.875,8.687458333333334,11.258022325637981,251.07434633279797,0.041666666666666664,5.719785397376544,1.4139414544753086,3.5551364776234564,3.7083333333333335,792.2083333333334,4.125,0.125,true,2017-01-01,2018-08-31
small_appliances_home_oven_and_coffee,76,75,15,47445.71000000001,0.0035036712689751324,624.2856578947369,587.0,2747.8599999999988,36.15605263157893,0.05791587901203288,5074.894736842105,39.317210526315776,7.124493118861679,498.048621324503,0.0547945205479452,9.831996289954338,2.233824200913241,7.138696251902587,4.197368421052632,1368.1052631578948,4.302631578947368,0.10526315789473684,false,2017-01-01,2018-08-31
auto,4223,3886,379,590886.8600000106,0.04363457338075388,139.9211129528796,84.9,92239.90000000011,21.842268529481437,0.15610416518654427,2586.1408950982714,18.02648164811732,8.445892708661354,618.3509815041501,0.07044299201161947,12.197626261352719,2.424390588997365,9.323154110295233,2.5136159128581577,880.0281790196543,4.067464114832536,0.1519138755980861,false,2017-01-01,2018-08-31
home_construction,604,490,68,83088.11999999979,0.006135717198397016,137.56311258278112,95.2,13832.240000000016,22.901059602649035,0.16647674781906308,3051.4718543046356,20.726791390728533,7.504922442703536,573.586990381642,0.0587248322147651,13.210775462962964,4.05662819646409,8.729923312049472,3.4917218543046356,803.7764900662252,3.9382303839732886,0.17863105175292154,false,2017-01-01,2018-08-31
pet_shop,1943,1706,137,213625.72999999684,0.015775384803279956,109.94633556355987,89.7,39475.05999999992,20.316551724137888,0.18478607422430107,2917.9130211013894,20.890448275861978,6.962699565482334,552.1002687303898,0.049479166666666664,11.208185788001535,2.8359592013889,8.00360189404901,2.554297478126608,905.1461657231085,4.184169684428349,0.1298499741334713,false,2017-01-01,2018-08-31
consoles_games,1127,1052,82,153582.9599999991,0.01134147227127919,136.27591836734612,59.0,19620.859999999986,17.40981366459626,0.12775414668398175,436.82608695652175,5.575590949423267,39.85525174536817,708.7297548730536,0.059149722735674676,13.513496600516886,3.405316564831933,9.658132263212845,2.578527062999113,689.3309671694765,4.029569892473118,0.15232974910394265,false,2017-01-01,2018-08-31
construction_tools_safety,194,167,35,40544.52000000005,0.0029940466659343443,208.99237113402086,125.575,3919.100000000002,20.20154639175259,0.0966616450262575,798.639175257732,6.7897371134020625,25.294960499819293,735.6956330266529,0.0273224043715847,11.920183983505362,3.1678847272819253,8.316215088038863,2.422680412371134,1320.2886597938145,3.844559585492228,0.20207253886010362,false,2017-01-01,2018-08-31
small_appliances,679,630,105,190648.5799999994,0.014078616427426313,280.77846833578707,99.0,16020.25000000002,23.593888070692223,0.08403026133213302,2992.1958762886597,20.809530191458023,7.885141563645448,544.5529032914441,0.04559270516717325,10.775476120117085,2.3107650146346943,8.101702039710679,2.313696612665685,1108.5522827687776,4.147102526002972,0.14413075780089152,false,2017-01-01,2018-08-31
party_supplies,43,39,12,4485.180000000002,0.00033121216443345226,104.30651162790703,67.9,827.9699999999998,19.255116279069764,0.18460128690487326,1997.6744186046512,14.345255813953491,9.638766006984863,530.414396533151,0.0,9.332789902998238,1.7302075066137559,7.090350529100531,2.2790697674418605,385.69767441860466,3.7674418604651163,0.23255813953488372,false,2017-01-01,2018-08-31
agro_industry_and_commerce,212,182,34,72530.47,0.005356078007142537,342.12485849056606,258.65,5843.600000000005,27.56415094339625,0.08056751872695717,3625.1132075471696,22.455981132075447,7.603666248549174,664.2783024596945,0.03398058252427184,11.641858818770219,2.5916766113807985,8.303184387360664,2.349056603773585,865.5188679245283,4.0,0.16037735849056603,false,2017-01-01,2018-08-31
fashio_female_clothing,47,38,11,2748.7400000000002,0.00020298318570599334,58.48382978723405,49.0,607.0199999999999,12.915319148936167,0.2208357283700895,552.1276595744681,4.881510638297871,23.391907514450864,429.848614982886,0.06818181818181818,11.751447811447811,4.144698284932658,7.316822653619531,3.25531914893617,588.3404255319149,3.723404255319149,0.19148936170212766,false,2017-01-01,2018-08-31
dvds_blu_ray,64,59,10,5999.389999999993,0.0004430303682751653,93.74046874999989,19.9,1288.74,20.1365625,0.21481183920365263,487.734375,1.8237812500000008,41.28592023065834,765.7475306957259,0.06557377049180328,12.959461900425016,2.4604436095931996,10.080885511536128,1.515625,1022.8125,4.079365079365079,0.1746031746031746,false,2017-01-01,2018-08-31
fashion_childrens_clothes,8,8,4,569.8499999999999,4.208108747082673e-05,71.23124999999999,69.945,95.51000000000002,11.938750000000002,0.1676055102219883,265.0,7.267874999999999,45.051886792452834,591.557907534669,0.0,8.81947585978836,1.4056911375661374,6.951400462962963,2.625,302.125,4.5,0.125,true,2017-01-01,2018-08-31
security_and_services,2,2,2,283.28999999999996,2.0919805685023262e-05,141.64499999999998,141.64499999999998,41.22,20.61,0.14550460658688977,812.5,10.2335,25.366153846153846,1392.6841690521424,0.0,15.138153935185183,0.9146701388888889,13.484791666666666,2.5,483.5,2.5,0.5,true,2017-01-01,2018-08-31
bed_bath_table,11107,9412,195,1036509.6900000714,0.07654199338291219,93.32040064824628,79.05,204565.45000000263,18.41770505086906,0.19735990118914232,2117.3596830827405,16.62533681462136,8.698430029636748,510.804415091396,0.07035175879396985,12.806740110485114,2.77120093946163,9.63855054523462,1.4970739173494192,446.6928963716575,3.8988518316019682,0.18853654091488975,false,2017-01-01,2018-08-31
sports_leisure,8622,7701,478,984715.3300000422,0.07271719213055329,114.20961841800536,78.85,168014.04000000108,19.486666666666792,0.17062194004839334,1736.725933658084,13.539319995360788,11.22034645133779,596.9831710981838,0.06323546891715202,12.14157748727717,2.3867526419650282,9.356841020675724,2.192298770586871,1091.4810948735792,4.107217939733707,0.14599392665265126,false,2017-01-01,2018-08-31
home_appliances,771,764,48,80171.52999999988,0.00592033897797667,103.98382619974045,47.59,14818.900000000032,19.220363164721185,0.18483993008490737,1933.6070038910507,13.737158236057056,9.940160087361868,555.4538961270359,0.04509283819628647,11.290280694321654,2.654388584954317,8.248321682508104,1.8897535667963683,518.2088197146563,4.162760416666667,0.12369791666666667,false,2017-01-01,2018-08-31
stationery,2517,2311,173,230943.2299999958,0.01705421121773288,91.75336909018506,79.0,46798.479999999894,18.59295987286448,0.2026406229790791,2751.5148986889153,21.103267381803686,6.7573538786666,558.7665859748104,0.06772100567721005,12.736812792871941,2.7289963081238175,9.628144383992677,2.8907429479539135,405.0969408025427,4.196078431372549,0.13005202080832334,false,2017-01-01,2018-08-31
uncategorized,1601,1449,257,179469.3899999979,0.013253079054006895,112.09830730793122,69.99,28139.77999999997,17.57637726420985,0.15679431461822152,1651.8806818181818,11.794315025252528,10.754416358153133,563.2757142900082,0.0749185667752443,12.784690470804676,3.2703985477741564,9.100731881107478,,,3.8374291115311907,0.22180214240705734,false,2017-01-01,2018-08-31
books_general_interest,552,511,54,46737.380000000194,0.0034513640009428384,84.66916666666702,44.9,9170.480000000009,16.613188405797118,0.19621296700841961,759.1847826086956,4.860688405797102,21.882931252535396,583.2970933936247,0.061567164179104475,11.613084145246004,2.7131511712272,8.400779263405203,1.8025362318840579,1083.8097826086957,4.445255474452555,0.08576642335766424,false,2017-01-01,2018-08-31
costruction_tools_tools,103,97,24,15903.949999999986,0.0011744415391447827,154.40728155339792,59.99,2030.2199999999993,19.71087378640776,0.12765507939851428,1161.7669902912621,7.232135922330098,16.966288378933992,607.1033845736542,0.05825242718446602,12.0754149811219,2.334664127112549,9.425178780115063,2.7281553398058254,701.9417475728155,4.444444444444445,0.08080808080808081,false,2017-01-01,2018-08-31
garden_tools,4342,3513,237,483896.58000001375,0.035733779608343404,111.44555043758953,59.9,98857.44000000009,22.767719944725954,0.20429456228022377,2823.0087517273146,18.521933901428273,8.065054679974004,652.0133854478629,0.06568144499178982,13.721656564126263,2.7179731632435806,10.51255541871917,2.197604790419162,718.6895439889452,4.045243619489559,0.15986078886310906,false,2017-01-01,2018-08-31
cool_stuff,3788,3624,263,634179.8499999996,0.046831583293999765,167.41812302006326,129.99,83822.99000000017,22.12856124604017,0.13217542310749894,2548.841605068638,21.36717872228099,8.681811063518115,651.7722453496524,0.05847480463486931,12.352655462488917,2.466109823023653,9.448965020160317,2.270063357972545,882.5110876451954,4.148108684070325,0.1307938199254129,false,2017-01-01,2018-08-31
watches_gifts,5986,5619,101,1201645.440000002,0.08873659185673453,200.7426394921487,129.0,100428.12999999986,16.77716839291678,0.08357550959457699,581.0975609756098,2.849569328433027,28.871517486236648,640.0150294856525,0.07209977789167948,12.661831367342511,2.4655657750694613,9.772070590580324,2.5071834279986636,642.6140995656532,4.018871103622578,0.16259477674810446,false,2017-01-01,2018-08-31
fashion_shoes,261,239,15,23532.780000000046,0.0017377993745928298,90.1639080459772,79.9,4907.910000000002,18.804252873563225,0.20855632016276837,1010.727969348659,9.547754789272023,18.6046626231994,735.2786700141551,0.04296875,15.459743155020249,5.248997938368057,9.8913146520544,5.241379310344827,434.71264367816093,4.22568093385214,0.1245136186770428,false,2017-01-01,2018-08-31
kitchen_dining_laundry_garden_furniture,280,247,52,46183.3700000001,0.003410452632565692,164.9406071428575,110.0,11977.96999999998,42.778464285714215,0.25935677712561805,8847.325,52.01031785714289,4.835186260899674,476.88244532099117,0.043795620437956206,11.881037104622864,3.347156748445525,8.039557650716413,3.517857142857143,870.9642857142857,3.971223021582734,0.15467625899280577,false,2017-01-01,2018-08-31
food,509,449,57,29313.51000000017,0.0021646825978537537,57.590392927308784,48.89,7254.699999999998,14.252848722986244,0.24748656847985642,659.0157170923379,4.693455795677823,21.627479213806378,464.61205388619686,0.07028112449799197,9.550459732448298,1.571205748921614,7.662073874200508,1.6581532416502947,1274.8212180746561,4.216599190283401,0.12955465587044535,false,2017-01-01,2018-08-31
cine_photo,72,65,14,6933.459999999999,0.0005120076103105701,96.29805555555555,72.825,1256.2000000000005,17.44722222222223,0.18117938229974653,1160.861111111111,8.536333333333333,15.029551817376955,592.805223604973,0.05714285714285714,10.564818783068784,1.3790309193121704,8.397328703703701,2.4722222222222223,754.1666666666666,4.194444444444445,0.1527777777777778,false,2017-01-01,2018-08-31
home_appliances_2,238,234,46,113317.74000000008,0.008368050765879452,476.1249579831936,225.945,10600.179999999997,44.538571428571416,0.09354387053606955,8957.57142857143,47.95454621848741,4.9721703905714225,591.7658932862727,0.06060606060606061,13.90644675925925,4.129132094757094,9.273450877825876,2.5546218487394956,776.0294117647059,4.139830508474576,0.1271186440677966,false,2017-01-01,2018-08-31
music,38,38,19,6034.35,0.0004456120210223451,158.79868421052632,54.89,690.5100000000002,18.17131578947369,0.11442988888612696,1688.1052631578948,6.967236842105263,10.764326245557154,561.4957618570072,0.05263157894736842,11.655654239766081,3.0422910575048725,8.139678362573099,2.210526315789474,1472.6842105263158,4.2105263157894735,0.10526315789473684,false,2017-01-01,2018-08-31
flowers,33,29,3,1110.04,8.197190547708435e-05,33.63757575757575,25.99,488.8700000000001,14.814242424242428,0.4404075528809774,1834.8484848484848,5.5330909090909115,8.073823286540051,627.0000227681787,0.030303030303030304,11.147609778338941,2.84263468013468,7.93653163580247,1.121212121212121,422.6969696969697,4.419354838709677,0.06451612903225806,false,2017-01-01,2018-08-31
diapers_and_hygiene,38,26,7,1432.69,0.00010579828587975567,37.70236842105263,37.0,557.5899999999999,14.673421052631577,0.3891909624552415,664.4736842105264,6.501052631578947,22.08277227722772,377.59611504225035,0.0,10.222145704732506,3.2464152520576133,6.661206275720164,1.5789473684210527,449.2368421052632,3.210526315789474,0.2631578947368421,false,2017-01-01,2018-08-31
